rok,url,note,link,filename
2004,https://www.psp.cz/sqw/text/tiskt.sqw?o=4&ct=966&ct1=0,není excel,2004,NA
2005,https://www.psp.cz/sqw/text/tiskt.sqw?o=5&ct=1&ct1=0,není excel,2005,NA
2006,https://www.psp.cz/sqw/text/tiskt.sqw?o=5&ct=198&ct1=0,není excel,2006,NA
2007,https://www.psp.cz/sqw/text/tiskt.sqw?o=5&ct=500&ct1=0,jiná struktura,2007,NA
2008,https://www.psp.cz/sqw/text/tiskt.sqw?o=5&ct=816&ct1=0,není excel,2008,NA
2009,https://www.psp.cz/sqw/text/tiskt.sqw?o=6&ct=1&ct1=0,není excel,2009,NA
2010,https://www.psp.cz/sqw/text/tiskt.sqw?o=6&ct=332&ct1=0,jiná struktura,2010,t0332000017.xls; t0332000018.xls
2011,https://www.psp.cz/sqw/text/tiskt.sqw?o=6&ct=672&ct1=0,NA,2011,NA
2012,https://www.psp.cz/sqw/text/tiskt.sqw?o=6&ct=1010&ct1=0,NA,2012,NA
2013,https://www.psp.cz/sqw/text/tiskt.sqw?o=7&ct=189&ct1=0,NA,2013,NA
2014,https://www.psp.cz/sqw/text/tiskt.sqw?o=7&ct=475&ct1=0,NA,2014,NA
2015,https://www.psp.cz/sqw/text/tiskt.sqw?o=7&ct=800&ct1=0,NA,2015,NA
2016,https://www.psp.cz/sqw/text/tiskt.sqw?o=7&ct=1106&ct1=0,NA,2016,NA
2016,https://www.psp.cz/sqw/text/tiskt.sqw?o=8&ct=1&ct1=0,NA,2016,NA
2017,https://www.psp.cz/sqw/text/tiskt.sqw?o=8&ct=164&ct1=0,NA,2017,NA
2018,https://www.psp.cz/sqw/text/tiskt.sqw?o=8&ct=472&ct1=0,NA,2018,NA
2019,https://www.psp.cz/sqw/text/tiskt.sqw?o=8&ct=843&ct1=0,NA,2019,NA
2020,https://www.psp.cz/sqw/text/tiskt.sqw?o=8&ct=1210&ct1=0,NA,2020,NA
2021,https://www.psp.cz/sqw/text/tiskt.sqw?o=9&ct=212&ct1=0,NA,2021,NA
2022,https://www.psp.cz/sqw/text/tiskt.sqw?o=9&ct=440&ct1=0,NA,2022,t0440f0.xls
